<?xml version="1.0" encoding="utf-8" ?><dwsync><file name="diseno.html.mno" server="asomexo.com/public_html/comunidadlab.com.mx/avances/" local="3458645532" remote="319519907851452340" Dst="-1" /><file name="desarrollo.html.mno" server="asomexo.com/public_html/comunidadlab.com.mx/avances/" local="3458292184" remote="319519907851098700" Dst="-1" /><file name="marketing.html.mno" server="asomexo.com/public_html/comunidadlab.com.mx/avances/" local="3458645570" remote="319519907851452340" Dst="-1" /><file name="decoracion.html.mno" server="asomexo.com/public_html/comunidadlab.com.mx/avances/" local="3458645505" remote="319519907851452340" Dst="-1" /><file name="impresion.html.mno" server="asomexo.com/public_html/comunidadlab.com.mx/avances/" local="3458645542" remote="319519907851452340" Dst="-1" /><file name="decoracion.html.mno" server="asomexo.com/public_html/comunidadlab.com.mx/" local="3458904811" remote="319519907851711420" Dst="-1" /><file name="desarrollo.html.mno" server="asomexo.com/public_html/comunidadlab.com.mx/" local="3458904229" remote="319519907851711420" Dst="-1" /><file name="diseno.html.mno" server="asomexo.com/public_html/comunidadlab.com.mx/" local="3458904611" remote="319519907851711420" Dst="-1" /><file name="impresion.html.mno" server="asomexo.com/public_html/comunidadlab.com.mx/" local="3458904247" remote="319519907851711420" Dst="-1" /><file name="marketing.html.mno" server="asomexo.com/public_html/comunidadlab.com.mx/" local="3458904252" remote="319519907851711420" Dst="-1" /><file name="decoracion.html.mno" server="stylosmexico.com/www/comunidadlab/" local="3458904811" remote="319519907853205120" Dst="-1" /><file name="desarrollo.html.mno" server="stylosmexico.com/www/comunidadlab/" local="3458904229" remote="319519907853205120" Dst="-1" /><file name="diseno.html.mno" server="stylosmexico.com/www/comunidadlab/" local="3458904611" remote="319519907853205120" Dst="-1" /><file name="impresion.html.mno" server="stylosmexico.com/www/comunidadlab/" local="3458904247" remote="319519907853205180" Dst="-1" /><file name="marketing.html.mno" server="stylosmexico.com/www/comunidadlab/" local="3458904252" remote="319519907853205180" Dst="-1" /><file name="decoracion.html.mno" server="stylosmexico.com/www/comunidadlab.com.mx/" local="3460841477" remote="319519907853648760" Dst="-1" /><file name="desarrollo.html.mno" server="stylosmexico.com/www/comunidadlab.com.mx/" local="3460841477" remote="319519907853648760" Dst="-1" /><file name="diseno.html.mno" server="stylosmexico.com/www/comunidadlab.com.mx/" local="3460841477" remote="319519907853648760" Dst="-1" /><file name="impresion.html.mno" server="stylosmexico.com/www/comunidadlab.com.mx/" local="3460841477" remote="319519907853648760" Dst="-1" /><file name="marketing.html.mno" server="stylosmexico.com/www/comunidadlab.com.mx/" local="3460841478" remote="319519907853648760" Dst="-1" /></dwsync>