<?xml version="1.0" encoding="utf-8" ?><dwsync><file name=".DS_Store" server="asomexo.com/public_html/comunidadlab.com.mx/avances/" local="3456499385" remote="319519907849373100" Dst="-1" /><file name="cojinColores.png" server="asomexo.com/public_html/comunidadlab.com.mx/avances/" local="3456506030" remote="319519907849373100" Dst="-1" /><file name="comunidadLab.png" server="asomexo.com/public_html/comunidadlab.com.mx/avances/" local="3456517705" remote="319519907849373100" Dst="-1" /><file name="cojinRectangular.png" server="asomexo.com/public_html/comunidadlab.com.mx/avances/" local="3457779617" remote="319519907850586300" Dst="-1" /><file name="floreroAzul.png" server="asomexo.com/public_html/comunidadlab.com.mx/avances/" local="3457779849" remote="319519907850586300" Dst="-1" /><file name="fondo.jpg" server="asomexo.com/public_html/comunidadlab.com.mx/avances/" local="3456508209" remote="319519907849373100" Dst="-1" /><file name="iconos.png" server="asomexo.com/public_html/comunidadlab.com.mx/avances/" local="3456521837" remote="319519907849373100" Dst="-1" /><file name="lamparaBlanca.png" server="asomexo.com/public_html/comunidadlab.com.mx/avances/" local="3457778474" remote="319519907850586300" Dst="-1" /><file name="lamparaNegra.png" server="asomexo.com/public_html/comunidadlab.com.mx/avances/" local="3457778932" remote="319519907850586300" Dst="-1" /><file name="linea.fw.png" server="asomexo.com/public_html/comunidadlab.com.mx/avances/" local="3456511112" remote="319519907849373100" Dst="-1" /><file name="mesa.png" server="asomexo.com/public_html/comunidadlab.com.mx/avances/" local="3457778044" remote="319519907850586300" Dst="-1" /><file name="menuHome.png" server="asomexo.com/public_html/comunidadlab.com.mx/avances/" local="3456505465" remote="319519907849373100" Dst="-1" /><file name="perrito.png" server="asomexo.com/public_html/comunidadlab.com.mx/avances/" local="3456509064" remote="319519907849373100" Dst="-1" /><file name="fondo.png" server="asomexo.com/public_html/comunidadlab.com.mx/avances/" local="3456508287" remote="319519907849373100" Dst="-1" /><file name="responsive.png" server="asomexo.com/public_html/comunidadlab.com.mx/avances/" local="3456510078" remote="319519907849373100" Dst="-1" /><file name=".DS_Store" server="asomexo.com/public_html/comunidadlab.com.mx/" local="3456499385" remote="319519907851666000" Dst="-1" /><file name="cojinColores.png" server="asomexo.com/public_html/comunidadlab.com.mx/" local="3456506030" remote="319519907851666000" Dst="-1" /><file name="cojinRectangular.png" server="asomexo.com/public_html/comunidadlab.com.mx/" local="3457779617" remote="319519907851666000" Dst="-1" /><file name="comunidadLab.png" server="asomexo.com/public_html/comunidadlab.com.mx/" local="3456517705" remote="319519907851666000" Dst="-1" /><file name="floreroAzul.png" server="asomexo.com/public_html/comunidadlab.com.mx/" local="3457779849" remote="319519907851666000" Dst="-1" /><file name="fondo.jpg" server="asomexo.com/public_html/comunidadlab.com.mx/" local="3456508209" remote="319519907851666000" Dst="-1" /><file name="iconos.png" server="asomexo.com/public_html/comunidadlab.com.mx/" local="3456521837" remote="319519907851666000" Dst="-1" /><file name="lamparaBlanca.png" server="asomexo.com/public_html/comunidadlab.com.mx/" local="3457778474" remote="319519907851666000" Dst="-1" /><file name="lamparaNegra.png" server="asomexo.com/public_html/comunidadlab.com.mx/" local="3457778932" remote="319519907851666000" Dst="-1" /><file name="linea.fw.png" server="asomexo.com/public_html/comunidadlab.com.mx/" local="3456511112" remote="319519907851666000" Dst="-1" /><file name="mesa.png" server="asomexo.com/public_html/comunidadlab.com.mx/" local="3457778044" remote="319519907851666000" Dst="-1" /><file name="menuHome.png" server="asomexo.com/public_html/comunidadlab.com.mx/" local="3456505465" remote="319519907851666000" Dst="-1" /><file name="perrito.png" server="asomexo.com/public_html/comunidadlab.com.mx/" local="3456509064" remote="319519907851666000" Dst="-1" /><file name="responsive.png" server="asomexo.com/public_html/comunidadlab.com.mx/" local="3456510078" remote="319519907851666000" Dst="-1" /><file name="fondo.png" server="asomexo.com/public_html/comunidadlab.com.mx/" local="3456508287" remote="319519907851666000" Dst="-1" /><file name=".DS_Store" server="stylosmexico.com/www/comunidadlab/" local="3456499385" remote="319519907853205120" Dst="-1" /><file name="cojinColores.png" server="stylosmexico.com/www/comunidadlab/" local="3456506030" remote="319519907853205120" Dst="-1" /><file name="cojinRectangular.png" server="stylosmexico.com/www/comunidadlab/" local="3457779617" remote="319519907853205120" Dst="-1" /><file name="comunidadLab.png" server="stylosmexico.com/www/comunidadlab/" local="3456517705" remote="319519907853205120" Dst="-1" /><file name="floreroAzul.png" server="stylosmexico.com/www/comunidadlab/" local="3457779849" remote="319519907853205120" Dst="-1" /><file name="fondo.jpg" server="stylosmexico.com/www/comunidadlab/" local="3456508209" remote="319519907853205120" Dst="-1" /><file name="iconos.png" server="stylosmexico.com/www/comunidadlab/" local="3456521837" remote="319519907853205120" Dst="-1" /><file name="lamparaBlanca.png" server="stylosmexico.com/www/comunidadlab/" local="3457778474" remote="319519907853205120" Dst="-1" /><file name="lamparaNegra.png" server="stylosmexico.com/www/comunidadlab/" local="3457778932" remote="319519907853205120" Dst="-1" /><file name="linea.fw.png" server="stylosmexico.com/www/comunidadlab/" local="3456511112" remote="319519907853205120" Dst="-1" /><file name="mesa.png" server="stylosmexico.com/www/comunidadlab/" local="3457778044" remote="319519907853205120" Dst="-1" /><file name="menuHome.png" server="stylosmexico.com/www/comunidadlab/" local="3456505465" remote="319519907853205120" Dst="-1" /><file name="perrito.png" server="stylosmexico.com/www/comunidadlab/" local="3456509064" remote="319519907853205120" Dst="-1" /><file name="fondo.png" server="stylosmexico.com/www/comunidadlab/" local="3456508287" remote="319519907853205120" Dst="-1" /><file name="responsive.png" server="stylosmexico.com/www/comunidadlab/" local="3456510078" remote="319519907853205120" Dst="-1" /><file name=".DS_Store" server="stylosmexico.com/www/comunidadlab.com.mx/" local="3456499385" remote="319519907853637840" Dst="-1" /><file name="cojinColores.png" server="stylosmexico.com/www/comunidadlab.com.mx/" local="3456506030" remote="319519907853637840" Dst="-1" /><file name="cojinRectangular.png" server="stylosmexico.com/www/comunidadlab.com.mx/" local="3457779617" remote="319519907853637840" Dst="-1" /><file name="comunidadLab.png" server="stylosmexico.com/www/comunidadlab.com.mx/" local="3456517705" remote="319519907853637840" Dst="-1" /><file name="floreroAzul.png" server="stylosmexico.com/www/comunidadlab.com.mx/" local="3457779849" remote="319519907853637840" Dst="-1" /><file name="fondo.jpg" server="stylosmexico.com/www/comunidadlab.com.mx/" local="3456508209" remote="319519907853637840" Dst="-1" /><file name="iconos.png" server="stylosmexico.com/www/comunidadlab.com.mx/" local="3456521837" remote="319519907853637840" Dst="-1" /><file name="lamparaBlanca.png" server="stylosmexico.com/www/comunidadlab.com.mx/" local="3457778474" remote="319519907853637840" Dst="-1" /><file name="lamparaNegra.png" server="stylosmexico.com/www/comunidadlab.com.mx/" local="3457778932" remote="319519907853637840" Dst="-1" /><file name="linea.fw.png" server="stylosmexico.com/www/comunidadlab.com.mx/" local="3456511112" remote="319519907853637840" Dst="-1" /><file name="mesa.png" server="stylosmexico.com/www/comunidadlab.com.mx/" local="3457778044" remote="319519907853637840" Dst="-1" /><file name="menuHome.png" server="stylosmexico.com/www/comunidadlab.com.mx/" local="3456505465" remote="319519907853637840" Dst="-1" /><file name="perrito.png" server="stylosmexico.com/www/comunidadlab.com.mx/" local="3456509064" remote="319519907853637840" Dst="-1" /><file name="fondo.png" server="stylosmexico.com/www/comunidadlab.com.mx/" local="3456508287" remote="319519907853637840" Dst="-1" /><file name="responsive.png" server="stylosmexico.com/www/comunidadlab.com.mx/" local="3456510078" remote="319519907853637840" Dst="-1" /></dwsync>