<?xml version="1.0" encoding="utf-8" ?><dwsync><file name="main.css" server="asomexo.com/public_html/comunidadlab.com.mx/avances/" local="3458578090" remote="319519907851384600" Dst="-1" /><file name="figuras.css" server="asomexo.com/public_html/comunidadlab.com.mx/avances/" local="3458207428" remote="319519907851069420" Dst="-1" /><file name="figuras.css" server="asomexo.com/public_html/comunidadlab.com.mx/" local="3458207428" remote="319519907851666000" Dst="-1" /><file name="main.css" server="asomexo.com/public_html/comunidadlab.com.mx/" local="3458905017" remote="319519907851711420" Dst="-1" /><file name="figuras.css" server="stylosmexico.com/www/comunidadlab/" local="3458207428" remote="319519907853205060" Dst="-1" /><file name="main.css" server="stylosmexico.com/www/comunidadlab/" local="3458905017" remote="319519907853205060" Dst="-1" /><file name="figuras.css" server="stylosmexico.com/www/comunidadlab.com.mx/" local="3458207428" remote="319519907853637780" Dst="-1" /><file name="main.css" server="stylosmexico.com/www/comunidadlab.com.mx/" local="3460842175" remote="319519907853648460" Dst="-1" /></dwsync>